tag,count
normal,1379
Lung/hypoinflation,238
Lung/hyperdistention,159
Cardiomegaly,139
Cardiomegaly/mild,129
Aorta/tortuous,118
Thoracic Vertebrae/degenerative,114
Spine/degenerative,109
Granulomatous Disease,93
Atherosclerosis/aorta,92
No Indexing,92
Thoracic Vertebrae/degenerative/mild,91
Technical Quality of Image Unsatisfactory,84
Markings/bronchovascular,67
Calcinosis/aorta,65
"Aorta, Thoracic/tortuous",56
Emphysema,52
"Catheters, Indwelling/right",50
Spondylosis/thoracic vertebrae,49
Pulmonary Atelectasis/base/left,48
"Pulmonary Disease, Chronic Obstructive",48
Spine/degenerative/mild,47
Pulmonary Congestion,46
Cardiomegaly/borderline,43
Pulmonary Atelectasis/base/bilateral,42
Opacity/lung/base/left,41
Lung/hyperdistention/mild,39
Diaphragm/right/elevated,37
"Catheters, Indwelling/left",37
Aorta/tortuous/mild,31
Opacity/lung/base/bilateral,31
Pleural Effusion/bilateral/small,31
Lung/hypoinflation/mild,30
"Aorta, Thoracic/tortuous/mild",28
Cicatrix/lung/base/left,27
Diaphragm/bilateral/flattened,27
"Catheters, Indwelling",27
Pulmonary Emphysema,26
Pulmonary Atelectasis/base/right,25
Pulmonary Atelectasis,25
Osteophyte/thoracic vertebrae/multiple,25
Cardiac Shadow/enlarged,25
Diaphragm/left/elevated,24
Calcinosis/lung/hilum/lymph nodes/right,24
"Atherosclerosis/aorta, thoracic",23
Cardiomegaly/moderate,23
Diaphragmatic Eventration/right,22
Calcinosis/mediastinum/lymph nodes,22
Arthritis,21
Implanted Medical Device/left,21
Pleural Effusion/bilateral,21
Surgical Instruments/mediastinum,20
Calcinosis/lung/hilum/lymph nodes,19
Pulmonary Atelectasis/base/bilateral/mild,19
Diaphragm/flattened,18
Cicatrix/lung/apex/bilateral,18
Opacity/lung/middle lobe/right,18
Pleural Effusion/left/small,18
"Hernia, Hiatal",17
Calcinosis/lung/hilum/lymph nodes/left,17
Calcified Granuloma,17
Surgical Instruments/abdomen/right,17
Calcified Granuloma/lung/lingula,17
Thoracic Vertebrae/degenerative/multiple,17
"Calcinosis/aorta, thoracic",17
Calcified Granuloma/lung/upper lobe/left,17
Pleural Effusion/right/small,16
Pulmonary Congestion/mild,16
"Bone Diseases, Metabolic",16
Pulmonary Atelectasis/base/left/mild,16
Deformity/thoracic vertebrae,16
Calcified Granuloma/lung/base/right,16
Scoliosis/thoracic vertebrae,16
Kyphosis/thoracic vertebrae,16
Costophrenic Angle/bilateral/blunted,15
Surgical Instruments,15
Opacity/lung/lingula,15
Airspace Disease/lung/base/bilateral,15
Opacity/lung/base/right,15
Cicatrix/lung/lingula,15
Implanted Medical Device,14
Pleural Effusion/right,14
Calcified Granuloma/multiple,14
Scoliosis/thoracic vertebrae/right/mild,14
Medical Device,14
Opacity/lung/base/bilateral/streaky,13
Scoliosis,13
Calcified Granuloma/lung/upper lobe/right,13
Calcified Granuloma/lung/lower lobe/right,13
Calcified Granuloma/lung/middle lobe/right,13
Pulmonary Atelectasis/lingula,13
"Hernia, Hiatal/large",13
Calcinosis/mediastinum,13
Calcified Granuloma/scattered/multiple,12
Diaphragm/right/elevated/mild,12
Mediastinum/prominent,12
Calcified Granuloma/lung/lower lobe/left,12
Scoliosis/thoracic vertebrae/right,12
Opacity/lung/base/left/streaky,12
Cardiac Shadow/enlarged/mild,11
Calcinosis/lymph nodes,11
Calcified Granuloma/lung/base/left,11
Costophrenic Angle/right/blunted,11
Thoracic Vertebrae/degenerative/moderate,11
Cardiomegaly/severe,11
Pulmonary Atelectasis/lower lobe/right,11
Airspace Disease/lung/base/left,11
Pulmonary Edema,11
Scoliosis/lumbar vertebrae,11
Calcified Granuloma/scattered,10
Opacity/lung/lower lobe/right,10
Markings/lung/interstitial/chronic,10
Airspace Disease/lung/base/right,10
Surgical Instruments/abdomen,10
Granulomatous Disease/chronic,10
Markings/lung/interstitial/prominent,10
Calcinosis/lung/hilum/right,10
Pulmonary Atelectasis/middle lobe/right,10
Calcinosis/lung/hilum/left,10
Pneumonia/lower lobe/right,10
Nodule/lung/lower lobe/left,9
"Fractures, Bone/ribs/left/healed",9
Cicatrix/lung/base/bilateral,9
Costophrenic Angle/left/blunted,9
Pulmonary Edema/interstitial/mild,9
Nodule/lung/lower lobe/right,9
"Fractures, Bone/thoracic vertebrae",9
"Tube, Inserted/trachea, carina",9
Nodule/lung/lingula,9
Cicatrix/lung/upper lobe/left,9
Deformity/thoracic vertebrae/mild,9
Pulmonary Atelectasis/base/right/mild,9
Calcinosis/blood vessels,9
Calcified Granuloma/lung/left,9
Pulmonary Atelectasis/lower lobe/left,9
Spinal Fusion/cervical vertebrae,9
"Lung, Hyperlucent",8
Pleural Effusion/left,8
Pulmonary Edema/interstitial,8
Lung/azygos lobe,8
Markings/lung/interstitial,8
Cicatrix/lung/base/left/mild,8
Osteophyte/thoracic vertebrae/degenerative,8
Airspace Disease/lung/lower lobe/left,8
"Tube, Inserted",7
Calcified Granuloma/lung/hilum/right,7
Cicatrix/lung/middle lobe/right,7
Costophrenic Angle/right/blunted/mild,7
Calcified Granuloma/lung/bilateral/multiple,7
Thoracic Vertebrae/degenerative/multiple/mild,7
"Hypertension, Pulmonary",7
Pneumonia/upper lobe/right,7
"Tube, Inserted/trachea",7
Pulmonary Atelectasis/upper lobe/left,7
Lung/hypoinflation/severe,7
Spine/degenerative/diffuse,7
Pulmonary Atelectasis/base,7
Stents/coronary vessels,7
Markings/bronchovascular/mild,7
Nodule/lung/upper lobe/right,7
Opacity/lung/bilateral/interstitial/diffuse,7
Airspace Disease/lung/lower lobe/right,7
Surgical Instruments/right,7
Osteophyte/thoracic vertebrae/anterior/multiple,7
Opacity/lung/interstitial,6
Opacity/lung/base/bilateral/streaky/mild,6
Cardiac Shadow/enlarged/moderate,6
Opacity/lung/bilateral/interstitial,6
Markings/lung/interstitial/scattered/irregular/chronic,6
Spinal Fusion/cervical vertebrae/anterior,6
Thoracic Vertebrae/scattered/degenerative,6
Spine/degenerative/multiple,6
Opacity/lung/base/bilateral/interstitial,6
Scoliosis/thoracic vertebrae/mild,6
"Hernia, Hiatal/moderate",6
Cicatrix/lung,6
Scoliosis/right/mild,6
Pneumonia/lower lobe/left,6
Density/lung/lingula,6
Osteophyte/thoracic vertebrae/multiple/small,6
Pulmonary Atelectasis/right,6
"Bone Diseases, Metabolic/thoracic vertebrae",6
Kyphosis/thoracic vertebrae/severe,6
Thickening/pleura,6
Opacity/lung/upper lobe/left,6
Implanted Medical Device/aortic valve,6
Costophrenic Angle/bilateral/blunted/mild,6
Opacity/lung/base/left/mild,6
Kyphosis/severe,6
Nodule/lung/bilateral/multiple,6
"Fractures, Bone/ribs/right",6
Epicardial Fat/prominent,6
Opacity/lung/upper lobe/right,6
Thickening/pleura/right,6
Opacity/lung/base/left/patchy,6
Opacity/lung/lower lobe/bilateral,6
Surgical Instruments/left,6
Spinal Fusion/thoracic vertebrae,5
Lung/interstitial/prominent,5
Calcified Granuloma/bilateral/multiple,5
Nodule/lung/middle lobe/right,5
Surgical Instruments/thorax,5
Spondylosis/mild,5
"Fractures, Bone/ribs/right/multiple/healed",5
Scoliosis/mild,5
Lung/hilum/lymph nodes/bilateral/enlarged,5
Pulmonary Atelectasis/left,5
Emphysema/mild,5
Deformity/ribs/right/multiple,5
Arthritis/spine,5
Mediastinum/prominent/mild,5
Cicatrix/lung/base/right,5
"Fractures, Bone/ribs/left/multiple/healed",5
Pleural Effusion/right/moderate,5
Calcified Granuloma/lung/apex/right,5
Opacity/lung/apex/right,5
Scoliosis/thoracic vertebrae/left,5
Opacity/lung/right,5
"Fractures, Bone/ribs/bilateral/multiple/healed",5
Foreign Bodies/thorax/left,5
Heart Failure,5
"Bone Diseases, Metabolic/spine",5
Deformity/thoracic vertebrae/multiple,5
Diaphragm/left/elevated/mild,5
Calcinosis/lymph nodes/right/paratracheal,5
Pleural Effusion/right/large,5
Cicatrix/lung/apex/right,5
Lung/bilateral/hyperdistention,5
Airspace Disease/lung/base/bilateral/mild,5
Calcinosis/lung/hilum/lymph nodes/bilateral,5
Calcinosis/lung/hilum,5
Cicatrix/lung/upper lobe/right,5
Opacity/lung/lower lobe/left,5
Infiltrate/lung/lower lobe/right,5
Markings/lung/interstitial/prominent/mild,4
Opacity/lung/hilum/left,4
Scoliosis/thoracic vertebrae/left/mild,4
Density/lung/base/right,4
Opacity/lung/hilum/right,4
Pulmonary Emphysema/severe,4
Shoulder/right/degenerative,4
Pulmonary Edema/mild,4
Thickening/pleura/bilateral,4
Opacity/lung/lower lobe/right/patchy,4
"Fractures, Bone/sternum",4
Nodule/lung/hilum/right,4
Implanted Medical Device/humerus/right,4
Infiltrate/lung/base/bilateral,4
Pneumonia,4
Calcinosis/lung/lingula,4
Scoliosis/lumbar vertebrae/left,4
Pleural Effusion/base/left,4
Pulmonary Atelectasis/middle lobe/right/mild,4
Nodule/lung/base/right,4
Deformity/ribs/right,4
Diaphragmatic Eventration/left,4
Lung/hilum/prominent,4
Density/lung/lower lobe/left,4
"Hyperostosis, Diffuse Idiopathic Skeletal/thoracic vertebrae",4
Deformity/thoracic vertebrae/anterior/mild,4
Lung/hilum/enlarged,4
Osteophyte/thoracic vertebrae,4
Opacity/lung,4
Costophrenic Angle/blunted,4
Breast Implants/bilateral,4
Surgical Instruments/lung/hilum/right,4
Thickening/pleura/left,4
Opacity/lung/base/bilateral/mild,4
Opacity/lung/upper lobe/left/round,4
"Fractures, Bone/ribs/right/healed",4
Consolidation/lung/lower lobe/left,4
"Hernia, Hiatal/small",4
Cystic Fibrosis,4
Nipple Shadow/bilateral,4
Cicatrix/lung/lower lobe/left,4
Density/lung/base/left,4
Infiltrate/lung/base/left,4
Aorta/prominent,4
Implanted Medical Device/thorax/left,4
Lumbar Vertebrae/degenerative/multiple/mild,4
Deformity/lumbar vertebrae,4
Costophrenic Angle/left/blunted/mild,4
Granuloma/lung/upper lobe/left,4
Pulmonary Atelectasis/bilateral,4
"Lung Diseases, Interstitial",4
Lung/bilateral/hypoinflation,4
Infiltrate/lung/base/left/mild,4
Density/lung/apex/right,4
Granuloma/lung/lower lobe/left,4
Opacity/lung/base/right/patchy,4
Opacity/retrocardiac,4
Pulmonary Artery/enlarged,4
Pulmonary Atelectasis/base/bilateral/patchy,4
Thoracic Vertebrae/degenerative/severe,4
"Calcinosis/trachea, carina/lymph nodes",4
Opacity,4
Thickening/pleura/apex/bilateral,4
Density/lung/middle lobe/right/round,4
Pleural Effusion/left/moderate,4
Pleural Effusion/left/large,4
Pulmonary Atelectasis/upper lobe/right,4
Implanted Medical Device/right,3
Opacity/lung/upper lobe/right/round,3
"Fractures, Bone/ribs/healed",3
Implanted Medical Device/heart,3
Density/mediastinum,3
Cicatrix/pleura/apex/bilateral,3
Calcified Granuloma/lung/lower lobe/left/multiple,3
Granuloma/multiple,3
Airspace Disease/lung/base/right/mild,3
Granuloma/lung/upper lobe/right,3
Pneumonia/middle lobe/right,3
Infiltrate/lung/lower lobe/left,3
Consolidation/lung/lower lobe/right,3
Consolidation/lung/base/right,3
Pneumoperitoneum,3
Aortic Aneurysm,3
Deformity/thoracic vertebrae/anterior,3
Calcinosis/lung/lower lobe/left,3
Thoracic Vertebrae/degenerative/chronic,3
Deformity/clavicle/left,3
Stents/aorta,3
Opacity/lung/middle lobe/right/patchy,3
Pneumothorax/apex/right/small,3
Infiltrate/lung/base/bilateral/mild,3
Opacity/lung/upper lobe/right/focal,3
Sarcoidosis,3
Spine/degenerative/chronic,3
Atherosclerosis,3
Pulmonary Atelectasis/focal,3
"Fractures, Bone/ribs/left/anterior/multiple",3
Pectus Carinatum,3
Pleural Effusion/base/left/small,3
Calcinosis/lung/upper lobe/right,3
Nodule/lung/base/left,3
Thickening/pleura/apex/bilateral/mild,3
Epicardial Fat/left/prominent,3
Stents,3
"Fractures, Bone/humerus/right",3
Deformity/ribs/left,3
"Fractures, Bone/lumbar vertebrae",3
Osteophyte/thoracic vertebrae/degenerative/mild,3
Cicatrix,3
Calcified Granuloma/lung/lower lobe/left/small,3
Pleural Effusion/posterior,3
Markings/lung/base/bilateral/interstitial,3
Lumbar Vertebrae/degenerative/multiple,3
Density/thorax/left,3
Heart/left/obscured,3
Calcified Granuloma/lung/upper lobe/left/small,3
Diaphragm/posterior/flattened,3
Pneumothorax/apex/right/moderate,3
Mastectomy/left,3
Opacity/lung/left,3
Cicatrix/lung/right,3
Deformity/ribs/right/multiple/healed,3
Deformity/clavicle/right,3
Nodule/lung/right,3
Density/lung/right,3
"Lung Diseases, Interstitial/chronic",3
Density/thorax/round/multiple,3
Heart Failure/mild,3
Airspace Disease/lung/middle lobe/right,3
Pulmonary Atelectasis/lingula/focal,3
"Tube, Inserted/abdomen",3
Calcified Granuloma/lung/hilum/left,3
Opacity/lung/base/bilateral/patchy,3
Airspace Disease/lung/lower lobe/bilateral,3
Shoulder/bilateral/degenerative,3
Density/retrocardiac,3
Density/lung/middle lobe/right,3
Infiltrate/lung/lower lobe/right/patchy,3
Pneumonectomy/lung/upper lobe/left,3
Opacity/lung/apex/bilateral,3
Deformity/spine,3
Pulmonary Fibrosis,3
Scoliosis/lumbar vertebrae/right/mild,3
Pulmonary Atelectasis/base/left/patchy,3
Granuloma/lung/lower lobe/right,3
Funnel Chest/mild,3
Spondylosis,3
Mastectomy/right,3
Density/lung/upper lobe/right/round,3
Pleural Effusion/small,3
Calcified Granuloma/lung/hilum/right/multiple,3
Pericardial Effusion,3
Cardiac Shadow/enlarged/borderline,3
Diaphragm/bilateral/elevated,3
Granuloma/lung/middle lobe/right,3
Granuloma/lung/lingula,3
Calcinosis/lung/right,3
Spondylosis/thoracic vertebrae/mild,3
Heart/right/obscured,3
Cardiac Shadow/enlarged/severe,3
Deformity/thorax,3
Opacity/lung/base/bilateral/multiple,3
Diaphragm/left/obscured,3
Cicatrix/lung/base/left/small,3
Deformity/ribs/right/posterior,3
Lung/hilum/left/prominent,3
Surgical Instruments/breast/left,3
Lung/hilum/bilateral/prominent,3
Calcified Granuloma/bilateral/scattered/multiple,3
Spinal Fusion/lumbar vertebrae,3
Opacity/lung/middle lobe/right/round,3
Cicatrix/pleura/right,3
"Fractures, Bone/clavicle/left/healed",3
Deformity/thoracic vertebrae/anterior/multiple,3
Granuloma/scattered/multiple,3
Atherosclerosis/aorta/mild,3
Density/lung/lower lobe/right,3
Airspace Disease/lung/base/left/mild,3
Foreign Bodies/breast,2
Deformity/ribs/posterior,2
Pulmonary Atelectasis/hilum/right/mild,2
Infiltrate/lung/upper lobe/right,2
Pulmonary Fibrosis/upper lobe/right,2
Blister/lung/upper lobe/bilateral/multiple,2
Airspace Disease/lung/lingula/patchy,2
Shift/mediastinum/left,2
Airspace Disease/lung/bilateral,2
Contrast Media/abdomen,2
Pulmonary Atelectasis/upper lobe/right/mild,2
Calcinosis/lung/middle lobe/right,2
Cicatrix/lung/lower lobe/right,2
Opacity/lung/bilateral/interstitial/mild,2
Cavitation/lung/apex/right,2
Opacity/lung/base/bilateral/patchy/streaky,2
Lung/interstitial/prominent/mild,2
Costophrenic Angle/sulcus/left/blunted,2
Granulomatous Disease/mild,2
Opacity/lung/hilum/right/patchy,2
Calcified Granuloma/lung/right/small,2
Bullous Emphysema/lung/apex/bilateral,2
Pneumothorax/right,2
Nodule/lung/upper lobe/right/small,2
"Lung Diseases, Interstitial/chronic/mild",2
Markings/lung/bilateral/interstitial/diffuse,2
Stents/abdomen/right,2
Consolidation/lung/upper lobe/left,2
Pulmonary Atelectasis/base/mild,2
Calcinosis/lung/upper lobe/left,2
Kyphosis/thoracic vertebrae/mild,2
Airspace Disease/lung/base/right/focal,2
Heart Ventricles/left/enlarged,2
Dislocations/thoracic vertebrae,2
Pulmonary Artery/bilateral/enlarged,2
Calcified Granuloma/lung/upper lobe/right/small,2
Calcinosis/lymph nodes/small,2
Pulmonary Artery/prominent,2
Granuloma/scattered,2
Scoliosis/thoracic vertebrae/right/moderate,2
Airspace Disease/lung/middle lobe/right/patchy,2
Opacity/lung/hilum/left/round,2
Opacity/lung/lower lobe/left/scattered/multiple,2
"Hernia, Hiatal/prominent",2
Lung/hyperdistention/moderate,2
Foreign Bodies/thorax/left/posterior,2
Mediastinum/right/paratracheal/prominent,2
Pleural Effusion/base/bilateral,2
Deformity/lung/hilum/right,2
Pulmonary Atelectasis/base/right/focal,2
Cavitation/lung/upper lobe/right,2
Calcinosis,2
Deformity/humerus/right,2
Lumbar Vertebrae/degenerative/severe,2
Calcinosis/lung/lower lobe/right,2
Opacity/lung/interstitial/mild,2
Pulmonary Atelectasis/base/patchy,2
Infiltrate/lung/middle lobe/right/patchy,2
Opacity/costophrenic angle/left,2
Airspace Disease/lung/middle lobe/right/mild,2
Stents/abdomen,2
Opacity/multiple,2
Deformity/ribs/left/chronic,2
Opacity/lung/lingula/round,2
Scoliosis/lumbar vertebrae/right,2
Nodule/lung/hilum/left,2
Cicatrix/pleura/bilateral,2
Deformity/thoracic vertebrae/multiple/mild,2
Bronchiectasis,2
Thickening/pleura/apex/bilateral/round,2
Surgical Instruments/heart,2
Foreign Bodies/breast/left,2
Density/round,2
Pneumothorax,2
Lung/hyperdistention/severe,2
Density/thorax/right,2
Calcinosis/ribs,2
Calcinosis/lung/base/left,2
Pulmonary Atelectasis/lingula/mild,2
Pulmonary Atelectasis/left/severe,2
Hydropneumothorax/right,2
Density/right/paratracheal,2
Shoulder/degenerative,2
Infiltrate/lung/lower lobe/bilateral/interstitial/patchy,2
Pulmonary Emphysema/chronic,2
Opacity/lung/upper lobe/left/patchy,2
Diaphragmatic Eventration/right/anterior,2
Markings/lung/mild,2
Shift/mediastinum/right,2
Pulmonary Atelectasis/base/left/focal,2
Scoliosis/lumbar vertebrae/mild,2
Calcified Granuloma/lung/right/multiple,2
Pulmonary Atelectasis/middle lobe/right/focal,2
Consolidation/lung/middle lobe/right,2
Nodule/thorax/left,2
Calcified Granuloma/lung/multiple,2
Pulmonary Edema/lower lobe/bilateral,2
"Fractures, Bone/ribs/left",2
Markings/lung/base/bronchovascular/mild,2
Pneumothorax/right/small,2
Pneumothorax/apex/right,2
Bone and Bones/degenerative,2
"Fractures, Bone/clavicle/right",2
Lung/hilum/left/prominent/mild,2
Calcified Granuloma/lung/multiple/small,2
Lucency/lung/apex/bilateral,2
Epicardial Fat/bilateral/prominent,2
Pulmonary Congestion/bilateral,2
Density/lung/lower lobe/left/irregular,2
Opacity/lung/hilum/prominent,2
Opacity/lung/lower lobe/right/streaky,2
"Bone Diseases, Metabolic/diffuse",2
Consolidation/lung/lower lobe/bilateral,2
Opacity/lung/multiple/abnormal,2
Cicatrix/lung/base/bilateral/mild,2
Sclerosis/thoracic vertebrae,2
Pneumothorax/left,2
Opacity/lung/hilum/streaky,2
Markings/lung/base/bilateral/bronchovascular,2
Opacity/lung/lingula/streaky,2
Airspace Disease/lung/left,2
Scoliosis/thoracic vertebrae/moderate,2
"Fractures, Bone/ribs/right/multiple",2
Opacity/left/retrocardiac,2
Lucency/ribs/left/posterior,2
Opacity/lung/upper lobe/right/round/small,2
Scoliosis/lumbar vertebrae/moderate,2
Calcified Granuloma/mediastinum/multiple,2
Opacity/lung/bilateral/scattered,2
Nodule/lung/upper lobe/left/multiple/small,2
Cicatrix/mild,2
Opacity/lung/interstitial/diffuse,2
Opacity/ribs/anterior,2
Cicatrix/costophrenic angle/left,2
Kyphosis,2
Infiltrate/lung,2
Opacity/lung/middle lobe/bilateral/interstitial,2
Thickening/pleura/apex/left,2
Density/lung/hilum/right,2
Opacity/lung/upper lobe/hilum/left,2
Osteophyte/spine/multiple,2
Volume Loss/lung/right,2
Airspace Disease/lung/lower lobe/right/patchy,2
Markings/lung/interstitial/mild,2
Thickening/bronchovascular,2
Lung/bilateral/interstitial/prominent,2
Deformity/lumbar vertebrae/severe,2
Airspace Disease/lung/lower lobe/left/patchy,2
Infiltrate/lung/base/bilateral/interstitial,2
Calcinosis/aorta/severe,2
Nodule/lung/upper lobe/bilateral,2
Calcified Granuloma/paratracheal,2
Lung/apex/bilateral/obscured,2
Airspace Disease/lung/middle lobe/right/focal,2
Cicatrix/lung/lingula/mild,2
Volume Loss/thorax/right,2
Shift/mediastinum,2
Epicardial Fat,2
Granuloma/lung/apex/right,2
Consolidation/lung/base/bilateral,2
Opacity/lung/base/left/streaky/mild,2
Lumbar Vertebrae/degenerative/mild,2
Deformity/lumbar vertebrae/anterior/mild,2
Deformity/ribs/left/multiple,2
Pulmonary Atelectasis/base/bilateral/focal,2
Airspace Disease/lung/upper lobe/right,2
Diaphragmatic Eventration,2
Shoulder/right/degenerative/severe,2
Opacity/lung/apex/left/irregular,2
Density/thorax,2
Cicatrix/lung/left,2
Cicatrix/lung/apex/bilateral/mild,2
Pulmonary Atelectasis/lower lobe/bilateral,2
"Fractures, Bone/clavicle/right/healed",2
Nodule/lung/upper lobe/left/small,2
Medical Device/thorax/left,2
"Fractures, Bone",2
Opacity/lung/upper lobe/right/streaky,2
Sutures/lung/upper lobe/left,2
Density/ribs/left/anterior,2
Deformity/ribs/bilateral/chronic,2
Calcified Granuloma/lung/middle lobe/right/small,2
Pneumonia/upper lobe/left,2
Cardiac Shadow/borderline,2
Calcified Granuloma/lung/base/left/small,2
Opacity/retrocardiac/streaky,2
Calcinosis/lung/base/right,2
Calcinosis/right/paratracheal,2
Calcified Granuloma/lung/base/right/small,2
Pleural Effusion,2
Thickening/pleura/apex/right,2
Foreign Bodies/abdomen,2
Calcified Granuloma/lung/bilateral/scattered,2
Medical Device/thorax,2
Calcinosis/mild,2
Density/lung/lower lobe/left/round,2
Osteophyte/thoracic vertebrae/anterior/multiple/large,2
Markings/lung/bilateral/interstitial,2
Deformity/ribs/bilateral/multiple,2
Infiltrate/lung/base/right,2
Pleural Effusion/bilateral/large,2
Opacity/lung/base/right/streaky,2
Blister/lung/upper lobe/bilateral,2
"Hernia, Hiatal/retrocardiac/large",2
Consolidation/lung/base/left,2
Cicatrix/pleura/apex/left,2
Calcified Granuloma/lung/scattered/multiple,2
Nodule/lung/scattered/multiple,2
Calcinosis/lung/scattered/multiple,2
Airspace Disease/lung,2
Scoliosis/lumbar vertebrae/left/mild,2
Opacity/lung/base,2
Cervical Vertebrae/degenerative,2
Calcinosis/lymph nodes/bilateral,2
Thickening/pleura/apex/left/mild,2
Granuloma/lung/base/right,2
Deformity/ribs/right/chronic,2
Density/lung/base/left/round,2
Surgical Instruments/mediastinum/left,2
Nodule/lung/apex/right,2
Airspace Disease/lung/base/right/patchy,2
Implanted Medical Device/pulmonary artery,2
Opacity/lung/base/right/mild,2
Calcinosis/aorta/mild,2
Cicatrix/lung/base/right/mild,2
Nodule/lung/lower lobe/left/multiple,2
Markings/lung/apex/bilateral,2
Markings/lung/interstitial/diffuse,2
"Fractures, Bone/ribs/left/chronic",2
"Lung, Hyperlucent/apex/bilateral",2
Nodule/lung/right/multiple,2
Mediastinum/lymph nodes/enlarged,2
Shoulder/bilateral/degenerative/severe,1
Foreign Bodies/thoracic vertebrae/round,1
Lung/base/bilateral/hypoinflation/mild,1
Surgical Instruments/abdomen/multiple,1
Pleural Effusion/middle lobe/right/small,1
Thickening/pleura/middle lobe/right/small,1
"Bone Diseases, Metabolic/degenerative/mild",1
Calcified Granuloma/costophrenic angle/right,1
Tuberculosis,1
Calcified Granuloma/lung/lower lobe/right/posterior,1
Pulmonary Atelectasis/costophrenic angle/right/focal,1
Foreign Bodies/lung/lower lobe/right,1
Hemopneumothorax/right/moderate,1
Cysts/lung/upper lobe/right,1
Pneumothorax/right/moderate,1
Subcutaneous  Emphysema/right,1
Opacity/lung/bilateral/interstitial/prominent/mild,1
Density/left/retrocardiac/streaky,1
Foreign Bodies/lumbar vertebrae,1
Opacity/round,1
Opacity/lung/upper lobe/right/patchy/streaky,1
Opacity/costophrenic angle/right/multiple,1
Osteophyte/thoracic vertebrae/mild,1
Density/clavicle/right/focal,1
Cicatrix/pleura,1
Markings/lung/bilateral/diffuse/reticular/round,1
Lung/base/bilateral/prominent/mild,1
Markings/lung/interstitial/diffuse/mild,1
Density/lung/lingula/round,1
Dislocations/shoulder/left/chronic,1
Cicatrix/lung/middle lobe/right/chronic,1
Opacity/costophrenic angle/right/round,1
Pulmonary Atelectasis/middle lobe/right/chronic,1
Lucency/thorax/left,1
Opacity/lung/interstitial/round/prominent,1
Foreign Bodies/thoracic vertebrae,1
Deformity/ribs/right/posterior/multiple,1
Ribs/bilateral/degenerative,1
Foreign Bodies/lung/lower lobe/left,1
Foreign Bodies/lung/upper lobe/left,1
Arthritis/cervical vertebrae/degenerative,1
Lucency/lung/middle lobe/right/round,1
Opacity/lung/hilum/mild,1
Opacity/costophrenic angle/sulcus/right/round/multiple/small,1
Pneumonectomy/lung/lower lobe/right,1
Implanted Medical Device/shoulder/left,1
Opacity/lung/upper lobe/right/posterior/patchy/mild,1
Pneumonia/upper lobe/left/round,1
Opacity/lung/base/right/round/multiple/small,1
Density/sternum,1
Osteophyte/thoracic vertebrae/prominent/multiple,1
Shift/mediastinum/mild,1
Density/lung/upper lobe/left/round,1
Implanted Medical Device/heart/right,1
Opacity/lung/base/right/irregular,1
Lucency/lung/base/right/irregular,1
Deformity/lung/apex/hilum,1
Shift/heart/left,1
Mass/lung/base/right/large,1
Pulmonary Fibrosis/apex/left/chronic,1
Opacity/lung/base/right/large,1
Lung/hilum/right/prominent,1
Opacity/ribs/left,1
Opacity/lung/bilateral/interstitial/diffuse/prominent,1
Lung/base/bilateral/obscured,1
Opacity/lung/upper lobe/left/focal,1
Volume Loss/lung/upper lobe/right,1
Density/mediastinum/prominent,1
Humerus/bilateral/degenerative,1
Lucency/diaphragm/right,1
Pneumonia/base/left,1
Calcinosis/thorax/scattered/round/multiple,1
Density/thorax/scattered/round/multiple,1
Mass/right/paratracheal,1
Costophrenic Angle/sulcus/left/posterior/blunted,1
Markings/lung/base/bilateral/interstitial/prominent,1
Bone and Bones/thorax/degenerative/mild,1
Infiltrate/lung/base/right/patchy/mild,1
Calcinosis/lung/lower lobe/right/multiple/small,1
Markings/lung/middle lobe/bilateral/interstitial/prominent,1
Nodule/lung/lower lobe/right/multiple/small,1
Infiltrate/lung/base/left/patchy,1
Pulmonary Artery/left/enlarged,1
Volume Loss/thorax/left,1
Costophrenic Angle/right/posterior/blunted/mild,1
Opacity/lung/middle lobe/right/mild,1
Opacity/multiple/chronic,1
Opacity/retrocardiac/round,1
Pneumothorax/left/large,1
Calcified Granuloma/lung/lower lobe/right/small,1
Lucency/lung,1
Deformity/thorax/chronic,1
Stents/coronary vessels/left,1
Opacity/lung/base/mild,1
Lucency/ribs/right/posterior,1
Density/adipose tissue/posterior/round/small,1
Opacity/adipose tissue/posterior/round/small,1
Infiltrate/lung/hilum/mild,1
Foreign Bodies/adipose tissue/posterior/round/small,1
Surgical Instruments/neck,1
Markings/bronchovascular/left,1
Calcified Granuloma/thorax/scattered/multiple/small,1
Osteoporosis,1
Calcinosis/spine,1
Sulcus/bilateral/blunted/mild,1
Osteophyte/spine/multiple/mild,1
Airspace Disease/lung/costophrenic angle/left/mild,1
Pleural Effusion/costophrenic angle/left/mild,1
Mass/lung/lower lobe/left/round,1
Lucency/retrocardiac,1
"Lung, Hyperlucent/bilateral/mild",1
Diaphragmatic Eventration/left/posterior/focal,1
Nodule/thorax/scattered/multiple/small,1
Density/ribs/right/focal,1
Foreign Bodies/thorax/left/small,1
Opacity/lung/base/interstitial/patchy,1
Atherosclerosis/aorta/severe,1
Calcinosis/blood vessels/severe,1
Granuloma/lung/hilum/right/scattered/multiple,1
Costophrenic Angle/left/blunted/chronic,1
Lymph Nodes/bilateral/enlarged,1
Costophrenic Angle/sulcus/bilateral/blunted,1
"Fractures, Bone/lumbar vertebrae/severe",1
Opacity/lung/middle lobe/right/focal,1
Markings/lung/bilateral/prominent,1
Expansile Bone Lesions/ribs/right,1
Infiltrate/lung/lower lobe/left/patchy,1
Opacity/thorax/multiple/small,1
Opacity/lung/apex/left/patchy,1
Cicatrix/lung/base/bilateral/chronic,1
Pleura/base/bilateral/abnormal/chronic,1
Airspace Disease/lung/base/bilateral/patchy/mild,1
Airspace Disease/lung/base/right/acute,1
Pulmonary Edema/middle lobe/bilateral,1
"Catheters, Indwelling/thorax/right/anterior",1
Opacity/lung/lower lobe/right/mild,1
Pneumonia/lower lobe/right/mild,1
Airspace Disease/lung/apex/left/patchy,1
Pulmonary Atelectasis/base/bilateral/patchy/streaky,1
Opacity/lung/lower lobe/bilateral/prominent,1
Deformity/thorax/left,1
Cicatrix/lung/base/bilateral/patchy/streaky,1
Costophrenic Angle/bilateral/posterior/blunted,1
Dislocations/lumbar vertebrae,1
Deformity/ribs/left/anterior/multiple,1
Cicatrix/lung/lower lobe/left/mild,1
Deformity/thoracic vertebrae/anterior/moderate,1
Mass/lung/upper lobe/right/anterior,1
Spinal Fusion/cervical vertebrae/posterior/severe,1
Airspace Disease/lung/base/left/patchy,1
Markings/prominent,1
Pulmonary Atelectasis/base/left/scattered,1
Pneumonia/base/bilateral,1
Calcinosis/abdomen/right,1
Density/lung/lower lobe/left/round/multiple,1
Heart Atria/right/prominent,1
Deformity/thoracic vertebrae/scattered/multiple,1
Deformity/shoulder/left,1
Opacity/retrocardiac/mild,1
Foreign Bodies/spine,1
Calcinosis/pleura/multiple,1
Pulmonary Atelectasis/lower lobe/left/mild,1
Opacity/lung/upper lobe/right/round/multiple/small,1
Lucency/lung/upper lobe/right/round/multiple/small,1
Opacity/thorax/mild,1
Osteophyte/shoulder/bilateral/multiple,1
Airspace Disease/lung/base/bilateral/patchy,1
Opacity/lung/base/bilateral/prominent,1
Opacity/lung/base/posterior,1
Pulmonary Atelectasis/base/posterior,1
Opacity/scattered/round/multiple,1
Calcified Granuloma/scattered/round/multiple,1
Pleural Effusion/bilateral/moderate,1
Infiltrate/lung/bilateral,1
Opacity/supracardiac,1
Pericardial Effusion/mild,1
Cicatrix/lung/hilum/left,1
Osteophyte/thoracic vertebrae/right/prominent/multiple,1
Opacity/lung/middle lobe/pulmonary alveoli/bilateral,1
"Fractures, Bone/ribs/left/posterior/healed",1
Opacity/lung/base/pulmonary alveoli/bilateral,1
Sulcus/bilateral/posterior/blunted/mild,1
Nodule/lung/lower lobe/left/irregular,1
Density/ribs/left/posterior/irregular,1
Calcinosis/thorax/scattered/multiple,1
Density/heart/small,1
Deformity/abdomen,1
Thoracic Vertebrae/degenerative/chronic/mild,1
Cicatrix/breast/right,1
Deformity/breast/right,1
Foreign Bodies/posterior,1
Density/costophrenic angle/anterior/round,1
Opacity/lung/lower lobe/left/patchy/small,1
Opacity/lung/hilum/left/streaky,1
Opacity/lung/apex/right/focal,1
Markings/lung/bilateral/prominent/chronic,1
Pulmonary Edema/base/bilateral/interstitial,1
Foreign Bodies/thorax/right,1
Opacity/lung/middle lobe/bilateral/streaky/mild,1
Density/paratracheal,1
Granuloma/lung/bilateral/scattered/multiple,1
Markings/lung/hilum,1
Markings/lung/base/interstitial,1
Diaphragmatic Eventration/right/mild,1
Lumbar Vertebrae/degenerative,1
Calcified Granuloma/lung/lingula/posterior,1
Sclerosis,1
Opacity/lung/lower lobe/left/patchy,1
Volume Loss/thorax/left/mild,1
Heart/right/obscured/mild,1
Kyphosis/lumbar vertebrae,1
Deformity/mediastinum/severe,1
Markings/lung/lower lobe/interstitial/prominent,1
"Fractures, Bone/clavicle/left",1
Infiltrate/lung/lower lobe/right/streaky,1
Mediastinum/lymph nodes/bilateral/enlarged,1
Implanted Medical Device/cervical vertebrae,1
Pulmonary Congestion/right,1
Granulomatous Disease/thorax/right/healed,1
Markings/lung/right/bronchovascular,1
Costophrenic Angle/lower lobe/bilateral/blunted,1
Pulmonary Atelectasis/base/bilateral/streaky/mild,1
Opacity/right/paratracheal/prominent,1
Pulmonary Fibrosis/base,1
Lymph Nodes/right/paratracheal/enlarged,1
Lung/left/hypoinflation,1
Opacity/lung/middle lobe/bilateral/interstitial/multiple,1
Opacity/lung/base/bilateral/interstitial/multiple,1
Costophrenic Angle/sulcus/right/blunted,1
Cicatrix/pleura/left,1
Sulcus/posterior/obscured,1
Opacity/lung/middle lobe/bilateral/interstitial/round/small/mild,1
Adipose Tissue/pleura/left,1
Markings/lung,1
Opacity/lung/retrocardiac/focal/small,1
Density/lung/lower lobe/bilateral/patchy,1
Mediastinum/right/paratracheal/prominent/mild,1
Pneumothorax/apex/left/small,1
Nodule/pleura/apex/bilateral/round,1
Airspace Disease/lung/right,1
Density/lung/upper lobe/left/irregular,1
Infiltrate/lung/lingula/round,1
Opacity/lung/upper lobe/right/patchy/mild,1
Infiltrate/lung/upper lobe/right/mild,1
Cardiac Shadow/irregular,1
"Lung Diseases, Interstitial/bilateral/diffuse",1
Pulmonary Fibrosis/bilateral/diffuse,1
Medical Device/breast/bilateral,1
Lung/blood vessels/left/prominent/mild,1
Shift/trachea/right/mild,1
Pulmonary Atelectasis/base/left/patchy/mild,1
Calcified Granuloma/lung/lower lobe/right/anterior,1
Pulmonary Fibrosis/right/severe,1
Pulmonary Congestion/hilum/bilateral,1
Shift/trachea/right,1
Cicatrix/lung/apex/left,1
Thoracic Vertebrae/right/degenerative/mild,1
Infiltrate/lung/lingula/focal/round/small,1
Foreign Bodies/breast/bilateral,1
Pulmonary Artery/prominent/mild,1
Infiltrate/lung/left/interstitial,1
Costophrenic Angle/right/blunted/chronic,1
Opacity/lung/lower lobe/right/diffuse,1
Lung/blood vessels/enlarged,1
Nodule/lung/middle lobe/right/multiple/small,1
Osteophyte/lumbar vertebrae/multiple,1
Calcinosis/coronary vessels/left,1
Arthritis/thoracic vertebrae/mild,1
Cicatrix/pleura/apex/bilateral/round,1
Density/thorax/round,1
Opacity/lung/hilum/bilateral,1
"Calcinosis/aorta, thoracic/mild",1
Deformity/breast,1
Foreign Bodies/shoulder/right,1
Lung/bilateral/hyperdistention/mild,1
Airspace Disease/lung/base/pulmonary alveoli/right,1
Costophrenic Angle/right/posterior/blunted,1
Pulmonary Atelectasis/lower lobe/bilateral/focal/round,1
Markings/lung/base/right/bronchovascular,1
Opacity/retrocardiac/patchy,1
Aorta/tortuous/prominent,1
Opacity/lung/middle lobe/right/severe,1
Osteophyte/cervical vertebrae/multiple/large,1
Cicatrix/lung/middle lobe/right/patchy,1
Cicatrix/lung/lower lobe/left/patchy,1
Markings/lung/hilum/bilateral/prominent/mild,1
Density/cardiophrenic angle/left,1
Osteophyte/spine,1
"Catheters, Indwelling/thorax/right",1
Calcinosis/abdomen/multiple,1
Calcified Granuloma/lung/hilum/multiple,1
Diaphragm/left/flattened,1
Consolidation/lung/base/right/mild,1
Thickening/pleura/bilateral/mild,1
Lung/hilum/lymph nodes/bilateral,1
Opacity/lung/bilateral/interstitial/prominent/chronic,1
Deformity/lung/base/left,1
Arthritis/cervical vertebrae,1
Markings/lung/base/prominent/mild,1
Opacity/pulmonary alveoli,1
Cicatrix/costophrenic angle,1
"Aorta, Thoracic/tortuous/moderate",1
Arthritis/severe,1
Density/costophrenic angle/left/round/small,1
Cardiac Shadow/obscured/severe,1
Costophrenic Angle/obscured,1
Pulmonary Fibrosis/lower lobe/left/interstitial,1
Pleural Effusion/bilateral/posterior,1
Opacity/lung/interstitial/prominent/mild,1
Calcinosis/abdomen/left/severe,1
Deformity/heart/right,1
Deformity/mediastinum/right,1
Medical Device/right,1
Consolidation/lung/base/left/moderate,1
Bullous Emphysema,1
Lung/base/right/obscured,1
Opacity/lung/base/right/scattered/multiple,1
Opacity/lung/retrocardiac/scattered/multiple,1
Spondylosis/thoracic vertebrae/multiple,1
Granulomatous Disease/right,1
Costophrenic Angle/sulcus/posterior/obscured,1
Markings/lung/lower lobe/left/interstitial,1
"Catheters, Indwelling/thorax/left",1
"Lung Diseases, Interstitial/mild",1
Diaphragm/bilateral/posterior/flattened/mild,1
Markings/bilateral/bronchovascular,1
"Lung Diseases, Interstitial/bilateral/mild",1
Opacity/scattered/multiple,1
Cicatrix/scattered/multiple,1
Scoliosis/lumbar vertebrae/right/moderate,1
Hemothorax/left/small,1
Ribs/right/posterior/enlarged/mild,1
Mass/lung/apex/right,1
Calcified Granuloma/lung/lower lobe/left/anterior,1
Calcified Granuloma/thorax/right/small,1
Cicatrix/lung/middle lobe/right/mild,1
Infiltrate/lung/lower lobe/left/interstitial,1
Spine/degenerative/moderate,1
Opacity/lung/hilum/multiple/prominent/mild,1
Pneumonia/base/bilateral/patchy,1
Pneumonia/focal/multiple,1
Granuloma/thorax/multiple,1
Mass/thorax/multiple,1
Opacity/ribs/left/anterior/round,1
Density/lung/base/left/mild,1
Cysts/humerus/left,1
Deformity/humerus/left,1
Calcified Granuloma/thorax,1
Surgical Instruments/lung/apex/left,1
Opacity/lung/base/bilateral/reticular/multiple/mild,1
Lung/interstitial/diffuse/prominent/mild,1
Lung/base/right/interstitial/prominent,1
Pericardial Effusion/severe,1
Granuloma/lung/multiple,1
Blood Vessels/lung/prominent,1
Pneumonia/multilobar,1
Sclerosis/pleura/right,1
Calcinosis/lung/lymph nodes/bilateral/multiple,1
Opacity/lung/apex/left,1
Mediastinum/right/paratracheal/enlarged,1
Pulmonary Atelectasis/streaky,1
Lung/bilateral/hypoinflation/mild,1
Density/lung/base/right/streaky/mild,1
Pulmonary Fibrosis/apex/right/mild,1
Density/lung/round/multiple,1
Nodule/lung/upper lobe/bilateral/multiple,1
Nodule/lung/lower lobe/bilateral/multiple,1
Calcinosis/ribs/multiple,1
Pulmonary Fibrosis/interstitial,1
Opacity/lung/lingula/small,1
Pulmonary Atelectasis/base/left/streaky/mild,1
Opacity/lung/lower lobe/left/large,1
Volume Loss/lung/left/mild,1
Lucency/thorax/scattered/multiple,1
Mediastinum/blood vessels/prominent,1
Density/thorax/multiple,1
Diaphragm/bilateral/obscured,1
Opacity/thorax,1
Airspace Disease/lung/base/left/severe,1
Heart/small,1
Opacity/lung/upper lobe/bilateral/reticular/round/multiple/chronic,1
Deformity/lung/hilum,1
Arthritis/spine/mild,1
Calcinosis/mitral valve,1
Density/mitral valve,1
Mass/lung/hilum/right,1
Contrast Media/esophagus,1
"Aorta, Thoracic/enlarged",1
Opacity/lung/base/bilateral/scattered/focal/patchy/multiple,1
Heart Atria/right/enlarged,1
"Fractures, Bone/ribs/left/posterior/multiple/healed",1
Pericardial Effusion/large,1
Deformity/lung/apex/right/irregular,1
Density/lung/left/multiple,1
Nodule/lung/left/multiple,1
Implanted Medical Device/abdomen/right,1
Thickening/right/paratracheal,1
Nodule/lung/lingula/small,1
Markings/lung/upper lobe/right,1
Markings/lung/lower lobe/right,1
Diaphragmatic Eventration/left/mild,1
Opacity/thorax/scattered,1
Lung/blood vessels/blunted,1
Opacity/lung/bilateral/interstitial/diffuse/reticular/round/severe,1
Opacity/lung/base/left/scattered,1
Lung/hypoinflation/chronic,1
Airspace Disease/lung/base/bilateral/streaky/mild,1
Density/lung/right/round/multiple,1
Nodule/right/retrocardiac,1
Calcinosis/right/retrocardiac,1
Cavitation/lung/bilateral/multiple,1
Mass/lung/bilateral/multiple,1
Arthritis/cervical vertebrae/multiple,1
Deformity/lumbar vertebrae/anterior/multiple/acute/mild,1
Spinal Fusion/thoracic vertebrae/anterior,1
Density/lung/hilum/left/round,1
Opacity/lung/base/left/interstitial/diffuse,1
Infiltrate/lung/lingula,1
Bronchiectasis/bilateral/severe,1
Cicatrix/lung/bilateral/severe,1
Cysts/lung/bilateral/severe,1
Lymph nodes/left/enlarged,1
Arthritis/shoulder/bilateral/mild,1
Scoliosis/thoracic vertebrae/right/severe,1
Cavitation/lung/upper lobe/left,1
Blister/lung/apex/bilateral,1
Pulmonary Edema/lower lobe/bilateral/interstitial,1
Osteophyte/thoracic vertebrae/degenerative/multiple/mild,1
Implanted Medical Device/thoracic vertebrae,1
Density/right/paratracheal/prominent/mild,1
Mass/lung/middle lobe/right/round,1
"Fractures, Bone/ribs/left/posterior/multiple",1
Pulmonary Artery/enlarged/severe,1
Consolidation/lung/lower lobe/left/retrocardiac,1
Density/lung/lower lobe/left/retrocardiac,1
Airspace Disease/lung/hilum/right,1
Airspace Disease/lung/lingula,1
Opacity/lung/upper lobe/left/scattered,1
Sutures/lung/apex/right,1
Pulmonary Edema/bilateral/interstitial/moderate,1
Osteophyte/thoracic vertebrae/degenerative/multiple,1
Opacity/lung/streaky,1
Granuloma/left/small,1
Nodule/lung/upper lobe/left/focal,1
Bronchiolitis,1
Kyphosis/lumbar vertebrae/mild,1
Calcinosis/ribs/right/anterior/prominent,1
Implanted Medical Device/humerus/left,1
Calcinosis/abdomen/left,1
Cicatrix/pleura/apex/bilateral/mild,1
Opacity/pulmonary alveoli/bilateral/diffuse,1
Calcinosis/multiple,1
Nodule/multiple,1
Density/retrocardiac/small,1
Thickening/bronchi,1
Airspace Disease/lung/mild,1
Lucency/round,1
Pulmonary Atelectasis/lower lobe/left/focal,1
Markings/lung/lower lobe/hilum/right/bronchovascular,1
Consolidation/lung/hilum/diffuse,1
Consolidation/pulmonary alveoli,1
Pulmonary Edema/pulmonary alveoli,1
Emphysema/severe,1
Cicatrix/lung/focal/multiple,1
Spine/degenerative/chronic/mild,1
Calcinosis/abdomen/right/round,1
Lung/base/right/hypoinflation/mild,1
"Aorta, Thoracic/prominent",1
Pleural Effusion/right/focal/multiple,1
Pulmonary Atelectasis/apex/right,1
Pulmonary Atelectasis/base/right/scattered,1
Density/costophrenic angle/left,1
Calcinosis/lymph nodes/bilateral/multiple,1
Infiltrate/lung/lower lobe/left/patchy/streaky,1
Heart Failure/moderate,1
Mass/breast/large,1
Calcinosis/mediastinum/lymph nodes/right/large/chronic,1
Deformity/thoracic vertebrae/moderate,1
Abdomen/enlarged/mild,1
Markings/lung/base/bilateral,1
"Hyperostosis, Diffuse Idiopathic Skeletal",1
Calcified Granuloma/lung/apex/right/large,1
Opacity/lung/apex/bilateral/patchy/mild,1
Pleural Effusion/base/right,1
Pulmonary Atelectasis/bilateral/patchy,1
Aorta/obscured,1
Density/lung/base/left/retrocardiac,1
Surgical Instruments/bilateral,1
Cicatrix/pleura/base/bilateral,1
Calcified Granuloma/lung/apex/right/small,1
Mass/thorax/right,1
Pleural Effusion/borderline,1
"Calcinosis/aorta, thoracic/severe",1
"Fractures, Bone/ribs/left/multiple",1
Calcified Granuloma/lung/base/multiple,1
Calcinosis/pleura/base/right,1
Density/lung/base/left/multiple/mild,1
"Lung Diseases, Interstitial/base/bilateral/patchy",1
Opacity/thoracic vertebrae,1
Breast Implants,1
Foreign Bodies/neck/right,1
Foreign Bodies/costophrenic angle/left,1
Pneumothorax/right/large,1
Opacity/lung/lower lobe/right/severe,1
Pulmonary Atelectasis/lower lobe/right/severe,1
Airspace Disease/lung/retrocardiac/mild,1
Calcinosis/lung/right/round,1
Opacity/lung/hilum/interstitial,1
Heart Atria/left/enlarged,1
Calcified Granuloma/lung/base/left/round,1
Adipose Tissue/right,1
Arthritis/humerus/left,1
Implanted Medical Device/shoulder/right,1
Cicatrix/cardiophrenic angle/left/small,1
Cysts/lung/upper lobe/left,1
Tuberculosis/lung/healed,1
Calcinosis/lung/hilum/lymph nodes/right/multiple,1
Infiltrate/lung/middle lobe/right,1
Heart Atria/bilateral/enlarged,1
Airspace Disease/lung/left/patchy,1
Deformity/clavicle/right/chronic,1
Surgical Instruments/breast/right,1
"Tube, Inserted/thorax/left",1
Opacity/lung/hilum/right/small,1
Infiltrate/lung/upper lobe/left,1
Pulmonary Atelectasis/right/mild,1
Cicatrix/lung/lingula/focal,1
Opacity/lung/posterior/streaky/mild,1
"Lung, Hyperlucent/bilateral",1
Mass/lung/upper lobe/right/large,1
Consolidation/lung/lower lobe/right/posterior/focal,1
Airspace Disease/lung/streaky,1
Surgical Instruments/lung/hilum/left,1
Costophrenic Angle/bilateral/blunted/chronic,1
Thickening/pleura/right/focal,1
Scoliosis/lumbar vertebrae/severe,1
"Tube, Inserted/left",1
Scoliosis/thoracic vertebrae/severe,1
Colonic Interposition/mediastinum,1
Calcinosis/bronchi/diffuse,1
Calcified Granuloma/lung/hilum/bilateral/multiple,1
Lung/left/hyperdistention,1
"Lung, Hyperlucent/left",1
Opacity/lung/bilateral/mild,1
Pulmonary Atelectasis/bilateral/scattered,1
"Fractures, Bone/humerus",1
Nodule/lung/upper lobe/left/round,1
Nodule/lung/bilateral/diffuse/multiple/small,1
Pulmonary Emphysema/base/bilateral,1
Cicatrix/lung/apex/right/mild,1
Opacity/pleura/upper lobe/left/irregular,1
Volume Loss/lung/upper lobe/left,1
Opacity/thorax/posterior,1
Opacity/lung/upper lobe/left/streaky/mild,1
Opacity/lung/right/streaky/mild,1
Kyphosis/thorax/severe,1
"Fractures, Bone/thoracic vertebrae/multiple",1
Airspace Disease/lung/base/left/streaky/mild,1
Calcinosis/bilateral/diffuse,1
Cicatrix/pleura/base/bilateral/chronic,1
Pulmonary Edema/base/interstitial,1
Pulmonary Atelectasis/left/mild,1
Density/lung/base/right/mild,1
Opacity/lung/upper lobe/left/focal/small,1
Calcinosis/bilateral/scattered,1
Density/breast,1
Opacity/lung/lower lobe/left/posterior,1
Cicatrix/lung/upper lobe/hilum/left,1
"Fractures, Bone/ribs/multiple/healed",1
Opacity/mediastinum,1
Pulmonary Atelectasis/base/right/scattered/mild,1
Pleural Effusion/costophrenic angle/left,1
Aorta/enlarged/tortuous,1
Calcified Granuloma/lung/hilum/bilateral/multiple/large,1
Calcinosis/lung/hilum/lymph nodes/bilateral/multiple/large,1
"Tube, Inserted/thorax/right",1
Aorta/enlarged/tortuous/mild,1
Airspace Disease/lung/right/diffuse,1
Lucency/diaphragm/left,1
Pneumonia/right/focal/multiple,1
Opacity/right/paratracheal,1
Density/bilateral/round/small,1
Pulmonary Atelectasis/base/left/chronic,1
Pulmonary Fibrosis/lower lobe/bilateral,1
Pulmonary Artery/bilateral/prominent,1
Pulmonary Emphysema/bilateral,1
Cicatrix/lung/base/left/chronic,1
Infiltrate/lung/upper lobe/bilateral,1
Opacity/lung/base/left/patchy/mild,1
Shoulder/right/prominent/mild,1
"Fractures, Bone/Thoracic Vertebrae",1
Surgical Instruments/lung/right,1
Lung/hilum/bilateral/prominent/mild,1
Opacity/left,1
Cicatrix/left,1
Pulmonary Atelectasis/base/bilateral/focal/mild,1
"Atherosclerosis/aorta, thoracic/mild",1
Nodule/lung/left,1
Consolidation/lung/upper lobe/bilateral,1
Calcinosis/breast implants,1
Opacity/lung/base/bilateral/patchy/mild,1
Pleura/blunted/mild,1
Atherosclerosis/mild,1
Density/lung/base/right/round,1
Calcified Granuloma/lung/hilum/bilateral,1
"Tube, Inserted/large",1
Foreign Bodies,1
Calcinosis/lung/base/right/small,1
Pneumoperitoneum/small,1
Calcinosis/lung/hilum/lymph nodes/small,1
Sclerosis/humerus/bilateral,1
Sclerosis/spine,1
Calcinosis/abdomen,1
Cholelithiasis,1
"Fractures, Bone/ribs/right/posterior/healed",1
Ribs/right/anterior/prominent,1
Costophrenic Angle/blunted/chronic,1
Density/thorax/scattered,1
Opacity/lung/middle lobe/bilateral,1
Calcified Granuloma/lung/upper lobe/right/multiple,1
Airspace Disease/lung/lower lobe/right/mild,1
Nodule/lung/hilum/right/prominent,1
Mass/thorax/left,1
Opacity/lung/interstitial/prominent,1
Density/lung/upper lobe/right/anterior/round,1
Opacity/lung/lingula/patchy/mild,1
Airspace Disease/lung/lingula/patchy/mild,1
Cardiac Shadow/right/prominent,1
Pulmonary Fibrosis/base/bilateral,1
Calcinosis/mediastinum/lymph nodes/left,1
Sutures/lung/apex/left,1
Lucency/clavicle/left/round/small,1
Mass/lung/upper lobe/right/posterior,1
Opacity/heart/left,1
Lucency/clavicle/left,1
Pulmonary Fibrosis/bilateral/interstitial,1
Opacity/lung/base/right/streaky/multiple,1
"Hernia, Diaphragmatic",1
Thickening/pleura/apex/left/focal,1
Shoulder/bilateral/degenerative/mild,1
Density/pleura/right/severe,1
Sutures/mediastinum,1
Infiltrate/lung/interstitial,1
Opacity/lung/hilum/bilateral/interstitial,1
Nipple Shadow/lung/base/bilateral,1
Density/lung/middle lobe/right/patchy,1
Pulmonary Emphysema/bilateral/chronic,1
Density/lung/lower lobe/right/patchy,1
Consolidation/lung/upper lobe/right/focal,1
Nodule/heart/left/small,1
Calcified Granuloma/heart/left/small,1
Cicatrix/lung/lower lobe/bilateral,1
Airspace Disease/lung/bilateral/patchy,1
Consolidation/lung/bilateral,1
Density/lung/lower lobe/left/patchy/small,1
Thickening/pleura/right/mild,1
Pleural Effusion/right/severe,1
Hydropneumothorax/apex/right,1
Pulmonary Edema/interstitial/diffuse,1
Heart/apex/prominent,1
Thickening/heart ventricles,1
Nodule/lung/hilum,1
Pulmonary Congestion/upper lobe/mild,1
Infiltrate/lung/hilum/left,1
Pneumothorax/upper lobe/left/small,1
Pulmonary Atelectasis/posterior/mild,1
Granuloma,1
Foreign Bodies/right,1
Medical Device/spine,1
Pulmonary Emphysema/mild,1
"Fractures, Bone/humerus/left",1
"Lung, Hyperlucent/apex",1
Opacity/lung/middle lobe/bilateral/focal/multiple,1
Markings/bronchovascular/severe,1
Nodule/lung/bilateral/interstitial,1
Humerus/degenerative/severe,1
Thickening/lung/upper lobe/bronchi/left/scattered,1
Calcified Granuloma/lung/base/bilateral,1
Dislocations/shoulder/right,1
Diaphragm/right/elevated/chronic,1
Airspace Disease/lung/base/right/streaky,1
Density/lung/hilum/right/prominent,1
Lung/hilum/lymph nodes/right/prominent,1
Nodule/lung/lower lobe/left/posterior,1
"Fractures, Bone/shoulder/right",1
"Lung, Hyperlucent/upper lobe/right",1
Deformity/clavicle,1
Density/costophrenic angle/right,1
Opacity/lung/base/right/focal/abnormal,1
Markings/lung/base/interstitial/prominent/mild,1
Granuloma/lung/bilateral/scattered,1
Lung/right/hyperdistention,1
Volume Loss/lung/left,1
Epicardial Fat/right/prominent,1
Calcinosis/mitral valve/prominent,1
Opacity/lung/base/bilateral/focal/streaky,1
Cicatrix/thorax/left,1
"Lung, Hyperlucent/base/right",1
Markings/lung/middle lobe/bilateral/interstitial,1
Opacity/lung/lower lobe/bilateral/patchy,1
Density/lung/bilateral/round/small,1
Calcinosis/lung/bilateral/round/small,1
"Aorta, Thoracic/tortuous/severe",1
"Bone Diseases, Metabolic/thoracic vertebrae/diffuse",1
Sutures/lung/hilum/right,1
Markings/lung/interstitial/irregular,1
Implanted Medical Device/heart atria,1
Trachea/right/tortuous/mild,1
Shoulder/left/degenerative,1
Opacity/lung/lingula/posterior,1
Nodule/lung/bilateral/scattered,1
Opacity/lung/base/right/reticular/multiple,1
Pulmonary Artery/hilum/prominent,1
"Lung, Hyperlucent/apex/right",1
Surgical Instruments/thorax/right,1
Opacity/lung/middle lobe/right/reticular,1
Bronchiectasis/middle lobe/right,1
Opacity/lung/base/bilateral/scattered,1
Opacity/lung/hilum/streaky/mild,1
Sutures/sternum,1
Markings/lung/bilateral/interstitial/diffuse/prominent,1
Fibrosis/diffuse,1
Calcinosis/lung/bilateral/scattered,1
Costophrenic Angle/bilateral/obscured,1
Opacity/lung/upper lobe/left/small,1
Opacity/pleura/right,1
Lucency/diaphragm,1
Opacity/lung/hilum/right/round,1
Pulmonary Atelectasis/hilum/right,1
Pleural Effusion/hilum/right,1
Pleural Effusion/right/focal,1
Sulcus/right/posterior/blunted,1
Atherosclerosis/severe,1
Pulmonary Atelectasis/costophrenic angle/bilateral,1
Cicatrix/costophrenic angle/sulcus/bilateral/chronic,1
Calcinosis/lung/upper lobe/right/small,1
Costophrenic Angle/sulcus/bilateral/posterior/obscured,1
Opacity/costophrenic angle/sulcus/bilateral/streaky,1
Airspace Disease/lung/lower lobe/right/patchy/mild,1
Adipose Tissue/lung/base/right,1
Opacity/lung/base/left/chronic/mild,1
Spinal Fusion,1
Implanted Medical Device/mitral valve,1
Costophrenic Angle/blunted/mild,1
Sulcus/posterior/blunted/mild,1
Foreign Bodies/left,1
Opacity/lung/base/bilateral/interstitial/patchy,1
Opacity/lung/base/pulmonary alveoli/bilateral/patchy,1
Heart/obscured,1
Pneumonia/lower lobe/right/anterior,1
Calcified Granuloma/costophrenic angle/posterior,1
Thickening/lung/base/bilateral/interstitial,1
Blister/lung/upper lobe/right,1
Calcified Granuloma/small,1
Nodule/pleura/left,1
Pleural Effusion/lower lobe/left,1
Surgical Instruments/neck/right,1
Calcified Granuloma/lung/middle lobe,1
Calcinosis/lung/base/left/multiple/small,1
Calcified Granuloma/lung/scattered/multiple/small,1
Nodule/lung/scattered/multiple/small,1
Lung/hypoinflation/moderate,1
Aorta/retrocardiac/enlarged,1
Costophrenic Angle/sulcus/bilateral/blunted/mild,1
Spondylosis/spine,1
"Aortic Aneurysm/aorta, thoracic",1
Opacity/anterior,1
Deformity/mediastinum/left/posterior/focal,1
Thoracic Vertebrae/degenerative/diffuse,1
Thickening/pleura/apex/bilateral/chronic,1
Markings/lung/upper lobe/right/interstitial/prominent,1
Pulmonary Fibrosis/upper lobe/left,1
Calcified Granuloma/lung/middle lobe/left,1
Lung/hilum/lymph nodes/right/enlarged,1
Granuloma/lung/upper lobe/right/multiple,1
Lucency/ribs/posterior,1
Opacity/posterior,1
Pulmonary Atelectasis/upper lobe/left/mild,1
Cicatrix/lung/upper lobe/left/mild,1
Cicatrix/lung/lower lobe/left/streaky,1
Calcinosis/lung/right/posterior,1
Cicatrix/ribs/left,1
Funnel Chest,1
Calcified Granuloma/lung/hilum/right/multiple/large,1
Cicatrix/lung/apex/right/round,1
Nodule/lung/apex/right/round,1
Calcified Granuloma/lung/lower lobe/right/large,1
Calcified Granuloma/lung/lower lobe/right/multiple,1
Cicatrix/lung/lingula/small,1
Osteophyte/thoracic vertebrae/scattered,1
"Lung Diseases, Interstitial/diffuse",1
Opacity/lung/hilum/pulmonary alveoli/left,1
Opacity/lung/hilum/left/interstitial,1
Pneumothorax/left/moderate,1
Opacity/lung/bilateral/scattered/round/multiple,1
Mass/lung/middle lobe/right,1
Markings/lung/base/bilateral/interstitial/prominent/mild,1
Calcinosis/lung/hilum/lymph nodes/left/small,1
Ribs/prominent,1
Opacity/mediastinum/right,1
Osteophyte/thoracic vertebrae/degenerative/multiple/severe,1
Opacity/lung/right/round,1
Opacity/lung/interstitial/diffuse/patchy/mild,1
Airspace Disease/lung/upper lobe/left,1
Sclerosis/lumbar vertebrae,1
Foreign Bodies/multiple/small,1
Infiltrate/lung/hilum/right/mild,1
Lucency/humerus/right,1
Sclerosis/humerus/right,1
Opacity/thorax/right,1
Opacity/right,1
Cicatrix/right/chronic,1
Pulmonary Edema/base/bilateral,1
Calcified Granuloma/lung/bilateral/scattered/multiple,1
Pulmonary Atelectasis/chronic,1
Opacity/lung/upper lobe/bilateral/round,1
Sulcus/right/posterior/obscured,1
Pneumonectomy/lung/left,1
Markings/lung/base/right/interstitial/chronic,1
Surgical Instruments/cervical vertebrae,1
Surgical Instruments/thorax/bilateral,1
Surgical Instruments/shoulder/right,1
Pulmonary Atelectasis/left/patchy,1
Nodule,1
Diaphragm/left/elevated/chronic,1
Markings/bilateral/bronchovascular/mild,1
Lung/lingula/obscured,1
Airspace Disease/lung/bilateral/scattered/patchy/multiple/mild,1
Density/lung/upper lobe/right,1
Scoliosis/severe,1
Cysts/humerus/right/large,1
Thorax/left/small,1
"Tube, Inserted/right",1
Density/lung/hilum/right/round,1
Infiltrate/lung/upper lobe/pulmonary alveoli/right/patchy,1
Opacity/lung/left/round,1
Nipple Shadow/lung/left,1
Nodule/lung/base/left/reticular,1
Pulmonary Fibrosis/base/left,1
Opacity/lung/lower lobe/right/posterior/round,1
Granuloma/thoracic vertebrae,1
Nodule/lung/apex/bilateral/round,1
Granuloma/thorax/left,1
Lung/hilum/lymph nodes/left/enlarged,1
Nodule/lung/lower lobe/bilateral/patchy,1
Nodule/lung/lingula/prominent,1
Opacity/lung/bilateral,1
Opacity/lung/base/left/retrocardiac,1
"Catheters, Indwelling/thorax",1
Pleura/right/blunted,1
Scoliosis/thoracic vertebrae/left/moderate,1
Opacity/lung/upper lobe/right/anterior,1
Thickening/pleura/mild,1
Opacity/lung/diffuse/patchy,1
Surgical Instruments/abdomen/left,1
Opacity/lung/upper lobe/left/irregular,1
Cicatrix/lung/upper lobe/left/chronic,1
Thickening/pleura/upper lobe/left,1
Calcinosis/lung/bilateral,1
Abdomen/enlarged/severe,1
Granuloma/lung/hilum/left,1
Granuloma/lung/base/left,1
Density/right/paratracheal/multiple,1
Density/lung/hilum/left/multiple,1
Calcinosis/right/paratracheal/multiple,1
Calcinosis/lung/hilum/left/multiple,1
Opacity/mediastinum/posterior/round,1
Opacity/lung/base/interstitial/reticular,1
Pulmonary Fibrosis/apex/bilateral,1
Opacity/lung/base/patchy,1
Airspace Disease/lung/base/patchy,1
Sclerosis/thoracic vertebrae/mild,1
Cicatrix/lung/apex/bilateral/round,1
"Hernia, Diaphragmatic/small",1
Pulmonary Congestion/prominent,1
Cicatrix/lung/apex/right/streaky,1
Opacity/lung/bilateral/interstitial/diffuse/mild,1
Costophrenic Angle/right/obscured,1
Density/lung/hilum/left,1
Lung/interstitial/abnormal,1
Nodule/lung/base,1
Granuloma/right,1
Calcinosis/lung/lower lobe/left/irregular,1
Diaphragm/right/posterior/elevated,1
Opacity/lung/base/right/small,1
Subcutaneous Emphysema/abdomen/right,1
Density/thorax/base/left,1
Costophrenic Angle/left/obscured,1
Calcinosis/lung/middle lobe/right/round,1
Opacity/lung/bilateral/round/multiple,1
Density/lung/right/round,1
Costophrenic Angle/posterior/blunted/mild,1
Subcutaneous Emphysema/thorax/left,1
Opacity/lung/lingula/focal,1
Calcinosis/scattered/multiple/small,1
Nodule/scattered/multiple/small,1
Calcified Granuloma/lung/hilum,1
Osteophyte/thoracic vertebrae/multiple/mild,1
Hypovolemia/lung/apex,1
Subcutaneous Emphysema/neck/bilateral,1
Nodule/thorax/multiple/small,1
Diaphragm/bilateral/flattened/mild,1
Lucency/lung/upper lobe/right/round/large,1
Opacity/lung/base/bilateral/interstitial/diffuse/mild,1
Opacity/lung/lower lobe/interstitial/diffuse/prominent,1
Deformity/pleura/apex/right,1
"Catheters, Indwelling/thoracic vertebrae",1
Density/lung/base/bilateral,1
Surgical Instruments/multiple,1
Nodule/lung/upper lobe/right/multiple,1
Costophrenic Angle/posterior/blunted,1
Deformity/thoracic vertebrae/right/mild,1
Foreign Bodies/clavicle/left,1
Pulmonary Atelectasis/left/retrocardiac/focal,1
Cicatrix/lung/apex/mild,1
Opacity/lung/upper lobe/left/round/multiple/small,1
Airspace Disease/lung/left/retrocardiac,1
Opacity/ribs/left/round/multiple/small,1
Calcinosis/mediastinum/anterior,1
Opacity/lung/base/left/chronic,1
Pleural Effusion/bilateral/focal/moderate,1
Markings/lung/upper lobe/right/interstitial/focal,1
Opacity/lung/middle lobe/right/scattered,1
Markings/lung/bilateral/interstitial/prominent,1
Nodule/lung/lower lobe/right/anterior,1
Opacity/round/multiple,1
Foreign Bodies/breast/right,1
Density/ribs/right/anterior/round/multiple,1
Airspace Disease/lung/base,1
"Catheters, Indwelling/abdomen/right",1
Mediastinum/paratracheal/enlarged,1
Pulmonary Edema/bilateral/interstitial/mild,1
"Trachea, Carina/lymph nodes/enlarged",1
Cardiac Shadow/enlarged/prominent,1
Diaphragm/posterior/flattened/mild,1
Calcinosis/aorta/lymph nodes,1
Calcinosis/pulmonary artery/lymph nodes,1
Mass/lung/lingula,1
Nodule/pleura/upper lobe/bilateral,1
Cicatrix/lung/lower lobe/bilateral/mild,1
Pleural Effusion/upper lobe/right,1
Thickening/lung/interstitial,1
Granuloma/lung/right,1
Granuloma/ribs/right/posterior,1
Opacity/ribs/right/posterior/round,1
Density/costophrenic angle/sulcus/right,1
Calcinosis/lung/apex/right,1
Lucency/clavicle/right,1
Density/costophrenic angle/left/round,1
Opacity/pleural sinus/bilateral,1
Deformity/clavicle/left/chronic,1
Consolidation/lung/multilobar,1
Opacity/mediastinum/base,1
Hydropneumothorax/left/large,1
Opacity/lung/middle lobe/right/large,1
Opacity/lung/upper lobe/right/interstitial,1
Opacity/lung/base/right/interstitial,1
Opacity/lung/apex/right/patchy,1
Lucency/lung/apex/right/focal/round,1
Opacity/lung/lower lobe/right/large,1
Opacity/lung/upper lobe/left/prominent,1
Diaphragmatic Eventration/mild,1
Bronchiectasis/upper lobe/bilateral,1
Heart Ventricles/left/prominent,1
Bullous Emphysema/lung/upper lobe/bilateral/severe,1
Pneumonectomy/lung/upper lobe/right,1
Opacity/lung/base/left/multiple,1
Infiltrate/lung/base/left/interstitial,1
Infiltrate/lung/base/pulmonary alveoli/left,1
Thickening/pleura/upper lobe/right,1
Airspace Disease/lung/base/left/streaky,1
Cicatrix/lung/base/left/chronic/mild,1
Airspace Disease/lung/base/right/streaky/mild,1
Markings/sulcus/left,1
"Fractures, Bone/clavicle/right/mild",1
Cicatrix/lung/upper lobe/right/streaky/mild,1
Opacity/sulcus/posterior/mild,1
Calcified Granuloma/lung/base/right/large,1
Infiltrate/lung/middle lobe,1
Granuloma/lung/hilum/left/multiple,1
"Aorta, Thoracic/prominent/mild",1
Calcinosis/lung/upper lobe/left/large,1
Calcinosis/lung/lower lobe/left/large,1
Pulmonary Atelectasis/middle lobe,1
Calcified Granuloma/lung/lingula/small,1
Pleural Effusion/bilateral/posterior/mild,1
Calcified Granuloma/lung/lower lobe/right/posterior/multiple,1
Opacity/lung/lower lobe/left/streaky,1
Markings/right/paratracheal/prominent,1
Calcified Granuloma/mediastinum/large,1
Calcified Granuloma/lung/hilum/right/large,1
Nodule/lung/bilateral/round/multiple/small,1
Density/lung/bilateral/round/multiple/small,1
Calcinosis/lung/bilateral/round/multiple/small,1
Airspace Disease/lung/base/left/focal,1
Cicatrix/lung/upper lobe/right/scattered,1
Opacity/lung/hilum/interstitial/diffuse/prominent,1
Deformity/humerus/right/chronic,1
Lung/hilum/interstitial/prominent,1
Infiltrate/lung/hilum/right,1
Subcutaneous Emphysema/thorax/right/severe,1
Subcutaneous Emphysema/neck/severe,1
"Fractures, Bone/ribs/right/anterior/multiple",1
Spondylosis/degenerative,1
Opacity/lung/upper lobe/patchy,1
Sclerosis/thoracic vertebrae/posterior/mild,1
Lucency/heart ventricles/left,1
Consolidation/lung/lower lobe/left/focal,1
"Catheters, Indwelling/bilateral",1
Thickening/lung/lower lobe/bronchi/bilateral,1
Bronchitis/lower lobe/bilateral,1
Opacity/lung/interstitial/reticular/mild,1
Density/ribs/bilateral/posterior/round,1
Nipple Shadow/ribs/bilateral/posterior,1
Lucency/lung/upper lobe/bilateral,1
"Lung, Hyperlucent/upper lobe/bilateral",1
Emphysema/bilateral/chronic/severe,1
Lung/obscured,1
Deformity/sternum/anterior,1
Consolidation/lung,1
Consolidation/lung/upper lobe/right,1
Density/heart,1
Emphysema/chronic,1
Nodule/lung/upper lobe/hilum/right,1
Opacity/lung/lower lobe/bilateral/interstitial,1
Markings/lung/base/right,1
Granuloma/lung,1
Lucency/mediastinum/mild,1
Adipose Tissue/mediastinum,1
Density/ribs/right/round/multiple,1
Pulmonary Atelectasis/lingula/small,1
Calcinosis/lung/lower lobe/left/round,1
Granuloma/lung/lower lobe/left/round,1
Scoliosis/right,1
Infiltrate/lung/lower lobe/right/interstitial/patchy,1
Thoracic vertebrae/degenerative/mild,1
Granuloma/lung/upper lobe/right/round/small,1
